{
  "project_info": {
    "project_number": "985062940990",
    "project_id": "sns-project-a7d07",
    "storage_bucket": "sns-project-a7d07.appspot.com"
  },
  "client": [
    {
      "client_info": {
        "mobilesdk_app_id": "1:985062940990:android:c94d8e7b9da2aca5eccc6f",
        "android_client_info": {
          "package_name": "com.example.i_find"
        }
      },
      "oauth_client": [
        {
          "client_id": "985062940990-0q5858dvq3uc1tljepbf66f55c23depc.apps.googleusercontent.com",
          "client_type": 3
        }
      ],
      "api_key": [
        {
          "current_key": "AIzaSyA47GB6ZR4Xg_2MRB9_SgtcNeHErV8IaL8"
        }
      ],
      "services": {
        "appinvite_service": {
          "other_platform_oauth_client": [
            {
              "client_id": "985062940990-0q5858dvq3uc1tljepbf66f55c23depc.apps.googleusercontent.com",
              "client_type": 3
            }
          ]
        }
      }
    },
    {
      "client_info": {
        "mobilesdk_app_id": "1:985062940990:android:e8782c8175043172eccc6f",
        "android_client_info": {
          "package_name": "com.example.sns_project"
        }
      },
      "oauth_client": [
        {
          "client_id": "985062940990-0q5858dvq3uc1tljepbf66f55c23depc.apps.googleusercontent.com",
          "client_type": 3
        }
      ],
      "api_key": [
        {
          "current_key": "AIzaSyA47GB6ZR4Xg_2MRB9_SgtcNeHErV8IaL8"
        }
      ],
      "services": {
        "appinvite_service": {
          "other_platform_oauth_client": [
            {
              "client_id": "985062940990-0q5858dvq3uc1tljepbf66f55c23depc.apps.googleusercontent.com",
              "client_type": 3
            }
          ]
        }
      }
    }
  ],
  "configuration_version": "1"
}